Date,B_N_Crude,B_N_SMR,B_N_Rate,B_N_T,MA_N_Crude,MA_N_SMR,MA_N_Rate,MA_N_T,Target
1/1/2010,-0.002584535245022819,-0.008722874975588933,-5.24639481571761E-4,-0.002383879500670334,0.20071791862284818,0.5152679968701095,0.10899061032863851,3.7519561815336466,Rise
1/8/2010,-0.002584535245022819,-0.008722874975588933,-5.24639481571761E-4,-0.002383879500670334,0.20071791862284818,0.5152679968701095,0.10899061032863851,3.7519561815336466,Rise
1/15/2010,-0.002584535245022819,-0.008722874975588933,-5.24639481571761E-4,-0.002383879500670334,0.20071791862284818,0.5152679968701095,0.10899061032863851,3.7519561815336466,Rise
1/22/2010,-0.002584535245022819,-0.008722874975588933,-5.24639481571761E-4,-0.002383879500670334,0.20071791862284818,0.5152679968701095,0.10899061032863851,3.7519561815336466,Rise
1/29/2010,-0.002584535245022819,-0.008722874975588933,-5.24639481571761E-4,-0.002383879500670334,0.20071791862284818,0.5152679968701095,0.10899061032863851,3.7519561815336466,Rise
2/5/2010,-0.002584535245022819,-0.008722874975588933,-5.24639481571761E-4,-0.002383879500670334,0.20071791862284818,0.5152679968701095,0.10899061032863851,3.7519561815336466,Rise
2/12/2010,-0.002584535245022819,-0.008722874975588933,-5.24639481571761E-4,-0.002383879500670334,0.20071791862284818,0.5152679968701095,0.10899061032863851,3.7519561815336466,Down
2/19/2010,-0.002584535245022819,-0.008722874975588933,-5.24639481571761E-4,-0.002383879500670334,0.20071791862284818,0.5152679968701095,0.10899061032863851,3.7519561815336466,Down
2/26/2010,0.035157885617753556,0.03494066284287199,0.003301247524064206,-0.00737327188940088,76.95444444444445,298.0847222222222,31.974444444444448,1808.3333333333333,Down
3/5/2010,0.056201131798349714,0.041351161673992665,6.947097849873191E-4,0.0047715177096715414,0.20888888888889312,2.7263888888888914,0.013333333333328312,8.0,Rise
3/12/2010,0.05512583698914795,0.04900596785413553,-0.0036819618604327134,0.04310606520551273,-0.16777777777778624,2.6666666666666856,0.0,13.777777777777828,Rise
3/19/2010,0.04381576677591862,0.027839603021126123,-0.006217436609933977,0.08556534244112893,0.2977777777777817,1.044444444444423,0.0011111111111112848,24.22222222222217,Rise
3/26/2010,0.026957637997432532,0.03059926590834756,-0.003925382985375401,0.07347277359720332,0.6066666666666691,1.2222222222222854,-0.0033333333333303017,20.888888888888914,Rise
4/2/2010,0.044282156275064606,0.04620331614780731,-0.006188721229399869,0.06233141784918493,1.0633333333333042,3.5166666666667084,-0.027777777777778567,19.666666666666742,Rise
4/9/2010,0.0550524572059637,0.05796126473816514,-0.00818245125348195,0.06919332406119615,1.5255555555555702,4.5499999999999545,-0.046666666666666856,22.444444444444343,Rise
4/16/2010,0.021335769110168806,0.05147020284081977,-0.011689580570870415,0.08115048793014895,1.0122222222222348,4.172222222222217,-0.06888888888888545,29.666666666666742,Rise
4/23/2010,0.03689667307327916,0.03153067405035904,-0.010667319529938546,0.06265425173883776,0.5899999999999892,3.044444444444423,-0.07333333333333414,33.888888888888914,Rise
4/30/2010,0.040305376286377606,-0.015166416481184303,-0.008413082343043403,0.07202900939508822,0.7211111111111137,0.955555555555577,-0.0722222222222264,41.44444444444434,Rise
5/7/2010,-0.0851648351648352,-0.09500443702041024,-7.722278774263836E-4,0.07911001236093948,-0.7099999999999937,-2.7000000000000455,-0.04222222222222172,45.111111111111086,Rise
5/14/2010,-0.11627747535274029,-0.10274298398604735,0.004283707865168535,0.06075334143377888,-1.0700000000000074,-3.9333333333332803,-0.00999999999999801,35.77777777777783,Rise
5/21/2010,-0.12285535378835302,-0.12976443864136378,0.013573232323232315,0.04036179223087784,-1.1822222222222223,-4.744444444444412,0.03555555555555401,22.0,Down
5/28/2010,-0.0657994443041173,-0.08450959266267698,0.016322241681261035,-0.016759485764846743,-0.6699999999999875,-3.8027777777778056,0.04222222222222172,9.555555555555657,Down
6/4/2010,-0.08277395356791653,-0.038867768973572074,0.017128674799874153,-0.03696588962151507,-1.2166666666666686,-3.5666666666667197,0.06333333333333258,5.333333333333485,Down
6/11/2010,-0.03839080126859082,-0.044418550454439445,0.019169774493743668,-0.059261186264308055,-1.2377777777777794,-5.25,0.09333333333333727,-4.555555555555657,Down
6/18/2010,0.014828991774657792,-0.01590643940471796,0.0100093837973101,-0.07565272098144077,-0.673333333333332,-5.127777777777737,0.09111111111110404,-16.22222222222217,Down
6/25/2010,0.046490025213429424,0.012256294228084483,0.0025656138404465127,-0.0787663986457892,-0.6955555555555577,-4.344444444444434,0.07777777777778638,-18.88888888888914,Down
7/2/2010,-0.022493224932249464,0.013265335915677962,0.00428650442477899,-0.11508000646516897,-1.5566666666666578,-3.1000000000000227,0.09444444444443434,-38.11111111111086,Down
7/9/2010,0.02951080910430254,0.026822752222276317,-7.245626746715825E-4,-0.08415841584158416,0.1088888888888846,0.5166666666666515,0.06111111111112422,-42.333333333333485,Rise
7/16/2010,0.021670300785567163,-0.0012517830630842954,-0.001274719217253586,-0.075897378192866,0.48888888888888005,0.3277777777778397,0.04777777777777459,-45.111111111111086,Down
7/23/2010,0.04760360785238459,-0.006954022434197258,-0.003272476748191707,-0.07861345022493939,0.9933333333333394,1.7444444444444116,0.004444444444445139,-48.44444444444457,Down
7/30/2010,0.03957571324067306,0.00601460415065351,-0.005170096163788574,-0.06106735629481598,0.5533333333333275,1.1083333333332916,-0.018888888888895394,-36.0,Rise
8/6/2010,0.04852098341249319,0.042342721567426835,-0.010633890346637429,-0.04212979562567225,1.021111111111125,1.2444444444444684,-0.05444444444443519,-31.111111111111086,Rise
8/13/2010,-0.02274233040472419,0.03146567294712631,-0.007023249377249145,-0.0532936315021876,0.17888888888887777,1.849999999999966,-0.06666666666666288,-30.888888888888914,Down
8/20/2010,-0.04263083205421547,0.057566564284233755,-0.0037061411104568854,-0.06484114229200154,-0.4133333333333269,2.6222222222222626,-0.03666666666667595,-30.888888888888687,Down
8/27/2010,-0.015082473176199911,0.07170036558979333,-0.0011780603582689068,-0.049924642049736206,-0.4100000000000108,3.0166666666666515,-0.011111111111112848,-28.2222222222224,Rise
9/3/2010,-0.02603902226735325,0.09614219349626343,-3.467767104772874E-5,-0.04380348652931857,0.2733333333333263,4.71666666666664,-0.02666666666666373,-16.55555555555543,Down
9/10/2010,-0.00240680865871173,0.0849781445985936,-0.0020476157423473464,-0.03313890135247735,0.040000000000020464,4.380555555555588,-0.025555555555563103,-19.333333333333485,Rise
9/17/2010,-0.035527234636871574,0.07066053593504037,-0.005595718059224342,-0.008784962211743413,-0.26111111111111995,5.388888888888857,-0.04666666666665975,-13.333333333333258,Rise
9/24/2010,0.005168864164001895,0.07208456526858383,-0.007415143603133316,0.007645458079564583,-0.27666666666667084,6.161111111111097,-0.05222222222221973,-5.222222222222172,Rise
10/1/2010,0.06795636363636366,0.06925662672243448,-0.01640545917833094,0.02264763140817654,0.2922222222222217,6.266666666666765,-0.08444444444444699,-2.6666666666667425,Rise
10/8/2010,0.07901836219650173,0.08705171762929385,-0.019069279216234983,0.03500000000000002,0.2177777777777692,6.366666666666674,-0.0766666666666751,-1.1111111111110858,Rise
10/15/2010,0.05167404935856875,0.15466282673956003,-0.02327785970086364,0.05239356547580592,0.6511111111111205,10.316666666666663,-0.1088888888888846,8.777777777777828,Rise
10/22/2010,0.045000355340771646,0.11086595925364495,-0.02022907488986785,0.09434682964094733,0.9144444444444559,8.555555555555486,-0.11888888888888616,25.444444444444343,Rise
10/29/2010,0.03248756709541984,0.08500772797527045,-0.019114367633004187,0.10586543271635816,0.6955555555555577,7.650000000000034,-0.137777777777778,31.555555555555657,Rise
11/5/2010,0.08252776777553104,0.12140989198408189,-0.019316969050160147,0.11287952987267387,1.3611111111111,8.811111111111074,-0.1566666666666663,38.22222222222217,Rise
11/12/2010,0.04576380237922483,0.1487812412656851,-0.014690113660733558,0.09466746554823254,0.9366666666666674,11.202777777777783,-0.14666666666666472,39.33333333333326,Rise
11/19/2010,-0.00643335048893456,0.1009966491966664,-0.007713834672789955,0.06909732431637759,0.87222222222222,10.305555555555543,-0.11777777777777843,35.0,Down
11/26/2010,0.011037942087686558,0.062306647815557864,-0.0034557235421165955,0.04645109041476251,0.8077777777777868,8.905555555555566,-0.10222222222222399,31.333333333333485,Down
12/3/2010,0.06570457502456135,0.058504816112083996,-6.13098672821677E-4,0.044606281292671815,0.845555555555535,9.172222222222274,-0.057777777777779704,32.111111111111086,Rise
12/10/2010,0.041880398233005836,0.06655785516475556,-0.004516875045168763,0.03332399887986557,0.5700000000000216,9.216666666666697,-0.05999999999999872,31.0,Rise
12/17/2010,0.0353670012547049,0.08338157133084234,-0.006043061335263157,0.019618679193147227,0.7522222222222297,7.0277777777777715,-0.043333333333336554,26.666666666666742,Rise
12/24/2010,0.04419696558146737,0.12530293510456872,-0.003840440563747596,0.01616881337352702,0.8900000000000006,10.972222222222172,-0.03777777777777658,16.666666666666515,Rise
12/31/2010,0.05023752362466152,0.11622946525464951,-0.00907243431557558,0.010905125408942179,1.10555555555554,12.122222222222206,-0.04999999999999716,10.555555555555657,Rise
1/7/2011,0.010213449621299065,0.11122616799658892,-0.012685834757006182,0.008705114254624616,0.1311111111111103,10.644444444444446,-0.05000000000000426,4.444444444444343,Rise
1/14/2011,0.041647701411015314,0.12097505128082839,-0.009610134323468258,0.022228246137164592,0.7399999999999807,9.816666666666606,-0.04444444444444429,7.222222222222172,Rise
1/21/2011,0.004345539247608074,0.12797909407665473,-0.004301388838260578,0.06095596133190129,0.8444444444444628,12.48888888888905,-0.04222222222221461,19.444444444444343,Rise
1/28/2011,-4.974505658485059E-5,0.10030965350450911,-0.004272099901413279,0.07580174927113692,0.6199999999999903,13.255555555555475,-0.05111111111110844,27.222222222222626,Rise
2/4/2011,-0.0033211433689081297,0.09496899599806512,-0.03481710004407243,0.07821082919173435,-0.017777777777766346,13.722222222222115,-0.17666666666666941,27.777777777777374,Rise
2/11/2011,-0.03930250832574577,0.09007408041793362,-0.03127538586515033,0.07916451779267669,-0.24555555555554065,13.644444444444503,-0.16222222222222626,30.555555555555657,Rise
2/18/2011,-0.030140890850220526,0.07525994043575958,-0.018612583886396448,0.13803526448362716,-0.20222222222224673,12.68333333333328,-0.12333333333333485,51.11111111111131,Rise
2/25/2011,0.09012609981561473,-0.003973551050817979,-0.009079069767441852,0.14762138303089745,0.9088888888888818,5.244444444444525,-0.10666666666666558,60.0,Rise
3/4/2011,0.14449599941543975,-0.0439587628865979,-0.006604724056867634,0.11801242236024839,1.4488888888889022,2.0055555555555884,-0.08444444444445054,60.0,Rise
3/11/2011,0.09131445832234548,-0.1555722467373955,-0.007969469076214994,0.08989287377736371,1.4588888888888931,-6.33888888888896,-0.07999999999999474,60.0,Rise
3/18/2011,0.07802889344505141,-0.14683128444256033,-0.0024006901984321843,0.06845576529451897,1.0588888888888874,-8.327777777777783,-0.0755555555555496,57.22222222222217,Rise
3/25/2011,0.10292065854339134,-0.02553459387938032,6.019790059823809E-4,0.10155210643015516,1.8100000000000023,-3.577777777777669,-0.08888888888889923,62.77777777777783,Rise
4/1/2011,0.10559020348704874,-0.02307725395732976,-0.0035119519655601584,0.07742355237475608,2.066666666666663,-4.02222222222224,-0.1088888888888846,56.11111111111086,Rise
4/8/2011,0.12485040556712919,0.014577354199382872,-0.011826047530887437,0.07274655355249209,2.6400000000000006,-3.650000000000091,-0.015555555555557987,57.77777777777783,Rise
4/15/2011,0.06521176013469764,0.006434851242025081,-0.011792720263068285,0.10689228229467604,2.6755555555555475,-6.183333333333337,-0.011111111111109295,72.77777777777783,Rise
4/22/2011,0.05675784962950919,-0.024730125382741393,-0.011659158874966883,0.14939759036144584,2.843888888888884,-9.644444444444389,-0.044444444444440734,74.44444444444434,Rise
4/29/2011,0.059086002902397905,-0.05963584288052369,-0.01617496297983835,0.12632404864652808,1.7833333333333456,-8.344444444444491,-0.08888888888888857,65.55555555555566,Rise
5/6/2011,-0.08981450165205396,-0.09241596444115184,-0.016267906126181026,0.10387121502491384,-0.8044444444444423,-8.844444444444434,-0.09888888888889014,66.66666666666652,Rise
5/13/2011,-0.06521161332687095,-0.08409251801733848,-0.012148997134670433,0.1350446428571429,-0.16777777777778624,-1.2499999999999432,-0.08111111111111313,87.77777777777783,Rise
5/20/2011,-0.06517302040539334,-0.05673347785261359,-0.0056696291756053,0.13743205788128576,-0.17555555555556168,0.5333333333333599,-0.07888888888888701,100.11111111111131,Rise
5/27/2011,-0.05006689226410623,-0.028549328457914407,4.223621563507342E-4,0.10749334081031826,-0.5344444444444463,-5.205555555555577,-0.06666666666666643,83.44444444444434,Rise
6/3/2011,-0.04583176858262672,-0.015152232586770273,-0.004617871161394703,0.15915083496720986,-0.8577777777777698,-4.7222222222222285,-0.06444444444444386,116.66666666666652,Rise
6/10/2011,-0.04099033596085018,-0.0020527225583403886,-0.0033906141635199885,0.12124779281930548,-1.4999999999999858,-6.511111111111177,-0.035555555555561114,111.11111111111131,Rise
6/17/2011,-0.08530248974217489,-8.634108376302467E-4,0.0033537643113220007,0.1041891805988176,-1.8499999999999943,-5.955555555555463,-0.01444444444444315,97.77777777777783,Rise
6/24/2011,-0.08281536466484839,-0.032668881506090805,0.004318655047428269,0.1637214457237854,-2.292777777777772,-5.344444444444491,-0.007777777777778994,113.33333333333348,Rise
7/1/2011,-0.024065423229358146,-0.028478075223703197,-0.0011953881155284175,0.1286277319957004,-2.110000000000028,-2.6166666666666742,-0.001111111111107732,112.22222222222217,Rise
7/8/2011,-0.01000514550340167,0.0036605657237936268,-6.166891501252382E-4,0.09590629711237392,-0.1088888888888846,1.8666666666666742,0.013333333333331865,111.11111111111086,Rise
7/15/2011,0.0034627468067053736,-0.002039537541005751,0.0015407726975077947,0.07076086340717243,-0.26777777777778056,1.4222222222222172,0.017777777777780557,90.0,Rise
7/22/2011,0.030154036583688763,0.018753447324876025,0.0013479165062003802,0.05247076470098048,0.04222222222222172,1.077777777777726,0.005555555555556424,77.66666666666697,Rise
7/29/2011,-0.0072957366619411474,0.033864103316700894,3.85282219225643E-5,0.015019115237575147,-0.5433333333333223,1.0166666666667084,-0.012222222222224133,68.77777777777737,Down
8/5/2011,-0.08471362183801737,0.01228660588631232,0.00180964115200977,-0.011123168746608814,-1.4822222222222479,-0.2944444444444798,0.01888888888889184,26.66666666666697,Down
8/12/2011,-0.0856279302220424,0.016278272789581962,0.005153449734635865,-0.04462474645030419,-1.5455555555555378,-0.06111111111107448,0.033333333333327886,12.777777777777374,Down
8/19/2011,-0.10762629123826276,-0.005772907780555981,0.002845278375884173,-0.05826686494524805,-1.1944444444444429,-0.6444444444444457,0.006666666666674814,1.1111111111113132,Down
8/26/2011,-0.06737958826956698,-9.395973154361779E-4,0.0039206642066421885,-0.060784045895369475,-0.6433333333333167,2.01111111111112,0.00888888888887962,-42.22222222222217,Down
9/2/2011,-0.04574722511804748,0.016619626179545353,0.002073971655720661,-0.08664910578122832,-0.9433333333333422,3.349999999999966,0.02333333333333698,-60.0,Down
9/9/2011,-0.02632721139895099,0.009554063194511549,0.005677241167670442,-0.11847133757961784,-0.9955555555555549,1.3277777777778397,0.03555555555555401,-82.22222222222217,Down
9/16/2011,-0.006862290022707099,-0.014861047395996963,0.018211730496996627,-0.12309699869508478,-1.031111111111116,0.23333333333340533,0.07555555555555671,-93.33333333333348,Down
9/23/2011,-0.07520364436551757,-0.03424059384324286,0.030775090458960385,-0.20090293453724603,-2.224444444444444,-2.1555555555556225,0.13111111111110674,-140.0,Down
9/30/2011,-0.06283280085197021,-0.09441558121783677,0.03804224392459676,-0.209907509013952,-1.8333333333333286,-6.7777777777777715,0.1811111111111181,-147.77777777777783,Down
10/7/2011,-0.013043650636323791,-0.06783394310460694,0.03554502369668237,-0.2422298963986187,-0.43333333333335133,-4.822222222222251,0.18666666666666742,-165.5555555555552,Down
10/14/2011,0.03045732149688031,-0.0562260114515824,0.02208414433298384,-0.2951618517229377,0.15777777777779534,-4.961111111111165,0.1444444444444457,-186.1111111111113,Down
10/21/2011,0.030592859482476302,-0.10631687953054869,0.012445504341021763,-0.31438127090301005,0.571111111111108,-6.922222222222217,0.1344444444444406,-202.22222222222217,Down
10/28/2011,0.0890560165975102,-0.062128222075346975,0.0038975501113587096,-0.3240536751452032,0.88333333333334,-5.866666666666617,0.11444444444444102,-216.1111111111113,Down
11/4/2011,0.08899757384372473,-0.12647411153999732,0.0014417211933016488,-0.35308211718579835,0.8677777777777749,-11.294444444444423,0.12333333333333485,-223.33333333333303,Down
11/11/2011,0.12665031109312547,-0.2262618690654674,-9.575721862108747E-4,-0.3371347113328582,1.3055555555555571,-17.18888888888887,0.112222222222222,-212.22222222222217,Down
11/18/2011,0.09557491158570866,-0.13342805476621036,-9.920634920635295E-4,-0.21072994583440796,1.0499999999999972,-13.100000000000023,0.07111111111111512,-184.4444444444448,Rise
11/25/2011,0.06584019678631303,-0.14373689142755144,0.00319312926668126,-0.07837247405789181,1.8799999999999955,-13.616666666666674,0.03333333333333499,-119.44444444444434,Rise
12/2/2011,0.08314558523763545,-0.09180597423951782,-0.0029029176159329597,0.04751324559904294,2.417777777777772,-8.583333333333314,-0.035555555555561114,-84.11111111111109,Rise
12/9/2011,0.04602955618949654,-0.04373772943999514,-1.1039964672114774E-4,0.1566496163682864,1.825555555555539,-8.355555555555554,-0.044444444444440734,-38.7777777777776,Rise
12/16/2011,-0.02352531755698608,-0.06451871700656263,0.0036805299963193388,0.23123989840683443,0.7477777777777845,-10.3055555555556,-0.0044444444444415865,13.333333333333258,Rise
12/23/2011,0.0260656731440075,-0.018617412179706964,0.003862708310341038,0.38162270006650406,1.3644444444444588,-6.055555555555543,0.014444444444439597,80.0,Rise
12/30/2011,0.010945171849427246,-0.024270868253436245,0.002278741546603826,0.3687136189627143,0.6122222222222149,-8.73888888888888,0.02777777777778212,113.88888888888891,Rise
1/6/2012,0.030322158847532577,-0.012376111385002572,-0.03356818768674627,0.2845120330724938,0.8111111111111171,-4.649999999999977,-0.10999999999999943,138.8888888888887,Rise
1/13/2012,0.0016350002818967479,0.009615384615384673,-0.02988224838924689,0.1864563578333872,-0.03222222222223081,2.5388888888888346,-0.11444444444444812,144.4444444444448,Down
1/20/2012,-0.0019822052032886805,0.0936617482412313,-0.02621305075292799,0.17806187006413887,0.11666666666667425,3.127777777777794,-0.12333333333333485,144.44444444444434,Rise
1/27/2012,0.006006579168958939,0.10570626753975687,-0.02099364960776983,0.12294127433039423,0.3100000000000023,6.055555555555543,-0.13888888888888928,125.0,Rise
2/3/2012,-0.007897968610926436,0.07920070011668623,-0.0031069851014450616,0.2746283796964614,-0.346666666666664,4.283333333333303,-0.06222222222221774,176.33333333333303,Rise
2/10/2012,0.0013531341970840632,0.06685831754087308,-0.0020637898686681195,0.29605263157894735,-0.08222222222222797,3.1222222222222626,-0.07111111111110802,192.1111111111113,Rise
2/17/2012,0.03638432194882554,0.04594132184272235,0.0013545546901454653,0.2391304347826087,1.0788888888888835,4.7666666666666515,-0.08111111111111313,180.0,Rise
2/24/2012,0.0896727441183283,0.05953515997436654,0.004188363142404156,0.18907284768211918,1.1211111111111194,4.750000000000057,-0.08333333333333215,135.55555555555566,Rise
3/2/2012,0.05008201202843083,0.0439153357824678,0.003936560808509038,0.08542713567839191,0.8744444444444497,5.988888888888823,-0.09222222222222953,93.77777777777783,Down
3/9/2012,0.05026403285742211,0.01861351977119001,0.004081632653061137,-0.004803590051512125,0.6488888888889051,5.688888888888869,0.045555555555559124,66.5555555555552,Down
3/16/2012,0.037514805642295625,0.00802366757810753,0.0034334440084514877,-0.08716412320943735,0.9288888888888778,4.7000000000000455,0.048888888888889426,44.4444444444448,Down
3/23/2012,0.026378973653039553,-0.01323860837897949,0.0020338983050847024,-0.054324715742766407,0.934444444444452,0.41111111111115406,0.05111111111110844,45.5555555555552,Rise
3/30/2012,-0.014236048353658038,-0.0010008066202610618,6.768189509307319E-4,-0.019756149214897312,0.3844444444444406,-0.30555555555559977,0.04999999999999716,66.66666666666697,Rise
4/6/2012,-0.017176863557566157,-0.009011432414257106,-0.001053146274494978,-0.043222063602952394,0.6077777777777555,-0.17222222222216033,-0.008888888888886726,-14.444444444444343,Down
4/13/2012,-0.026026099768469726,-0.017327288234501963,3.0089893557006247E-4,-0.03520931522040477,0.4622222222222234,-0.466666666666697,0.0,-51.11111111111131,Down
4/20/2012,-0.023747118451384667,-0.029616855364774704,-2.2570815935011603E-4,-0.10350061663978746,-0.02111111111111086,-0.8111111111111313,-0.004444444444438034,-93.33333333333348,Down
4/27/2012,-8.464085825828891E-4,-0.021229151285953367,-0.002483911030823225,-0.22873308407504223,-0.5377777777777766,-1.7444444444444116,-0.013333333333335418,-155.5555555555552,Down
5/4/2012,-0.053951075819672074,-0.01782496100316534,-0.00813559322033893,-0.19811483023151807,-0.9122222222222263,-1.8888888888888573,-0.02333333333333698,-128.22222222222263,Rise
5/11/2012,-0.06537825838023541,-0.05121310273177301,-0.0032407581866827693,-0.22480343102215863,-1.2522222222222013,-3.216666666666697,-0.01444444444444315,-121.0,Down
5/18/2012,-0.09536209908692353,-0.08926660566678567,0.0024869997739091388,-0.26169265033407574,-1.7311111111111188,-5.394444444444446,0.001111111111107732,-115.5555555555552,Down
5/25/2012,-0.08540431719047104,-0.09736394557823136,0.0033909799932179676,-0.31122448979591844,-1.778888888888872,-5.427777777777806,0.003333333333337407,-162.22222222222217,Down
6/1/2012,-0.1432443870023217,-0.10095351226402975,0.013545546901456219,-0.2722117202268431,-2.1988888888889164,-6.711111111111165,0.039999999999995595,-186.1111111111113,Down
6/8/2012,-0.1148403695474215,-0.16584350583921106,0.013146527438680975,-0.22990317496059445,-2.1344444444444264,-9.761111111111063,0.05111111111110844,-177.77777777777783,Down
6/15/2012,-0.09569532464426635,-0.12675745806692337,0.010951505832051942,-0.1867864950206461,-2.088888888888903,-8.755555555555532,0.04444444444444784,-180.0,Down
6/22/2012,-0.11705883076468918,-0.12422847578198566,0.007865168539325755,-0.10302091402013937,-2.5877777777777737,-8.938888888888869,0.041111111111113985,-135.55555555555566,Rise
6/29/2012,-0.03581156057702019,-0.10606305578011321,0.007663551401869161,0.07272249934365965,-2.218888888888884,-9.383333333333383,0.05555555555555358,-35.5555555555552,Rise
7/6/2012,-0.02432605905006433,-0.02389888508665407,0.00358021928843126,0.1704996034892943,-1.559999999999988,-7.28333333333336,0.07111111111111512,-14.444444444444798,Rise
7/13/2012,0.018091613958985293,-0.025971097288256535,0.004056115803966966,0.17937243340002113,-1.0033333333333445,-6.338888888888903,0.06555555555554804,8.777777777777828,Rise
7/20/2012,0.06887639136025345,0.0013705670721262091,0.002786446723138733,0.16229959010014014,-0.004444444444445139,-3.7777777777777715,0.04777777777777814,31.0,Rise
7/27/2012,0.05456318252730119,-0.01736714136853074,0.005450500556173549,0.12312433688677818,-0.08111111111112734,-3.9499999999999886,0.060000000000002274,57.77777777777783,Down
8/3/2012,0.058183361848283315,-0.033021453178828826,5.560498220640253E-4,0.2507710100231303,0.9077777777777953,-4.077777777777726,0.006666666666667709,106.55555555555566,Rise
8/10/2012,0.06320757117052941,-0.07092995740653105,-4.0778498609818435E-4,-0.021748380691220356,0.974444444444444,-2.088888888888903,-0.0011111111111112848,44.333333333333485,Down
8/17/2012,0.08265674334686511,-0.10421503482507405,7.412898443292487E-4,-0.11683029453015423,1.3311111111111131,-4.155555555555566,0.005555555555552871,26.555555555555202,Down
8/24/2012,0.06241789542178718,-0.07959303383968114,7.41042647004451E-5,-0.19943820224719105,1.8211111111111222,-2.9166666666666856,0.010000000000001563,-3.33333333333303,Down
8/31/2012,0.05110045761603817,-0.06855999509994083,-3.704801422644325E-4,-0.18532634587898997,1.2788888888888863,-2.555555555555543,0.003333333333337407,-41.11111111111131,Rise
9/7/2012,0.03554935023090986,-0.05024186683829172,-0.00333444481493836,-0.14505494505494507,1.3299999999999699,-4.51111111111112,-0.0011111111111112848,-57.22222222222217,Rise
9/14/2012,0.048370965654378956,0.036388674442381044,-0.010126864010683327,-0.10748272062506256,1.3222222222222229,-1.3333333333333144,-0.036666666666668846,-56.55555555555566,Rise
9/21/2012,-0.018006906758756634,0.07810244932962422,-0.01512842433929312,-0.08039658892427815,0.16111111111111143,-0.6555555555555657,-0.06111111111110645,-55.55555555555566,Rise
9/28/2012,-0.027759550035153534,0.07456231980946812,-0.012894570118883572,-0.0524320909665192,0.22888888888890335,0.3166666666666629,-0.07777777777777928,-52.22222222222217,Rise
10/5/2012,-0.05042963797717996,0.1401162311433518,-0.012326311071268624,-0.02390438247011952,-0.16888888888888687,3.6555555555555657,-0.06777777777777771,-102.66666666666652,Down
10/12/2012,-0.028359208809806396,0.1045495997568142,-0.009882088714205373,-0.018810371123538384,-0.1122222222222291,4.561111111111131,-0.06333333333333968,-41.0,Down
10/19/2012,-0.04078540909682668,0.05166888919849508,-0.010922193446683721,-0.041456710948236324,-0.6622222222222405,4.988888888888937,-0.08000000000000185,-26.555555555555657,Down
10/26/2012,-0.07008047518681733,0.011412744558812114,-0.007375352775164698,-0.06935883403421858,-1.0966666666666498,3.6944444444443434,-0.0755555555555496,-11.666666666666515,Down
11/2/2012,-0.07248946479967927,-0.009143855562026817,-0.005772495755517884,-0.0768025078369906,-1.2900000000000063,3.344444444444491,-0.07777777777777573,-14.777777777777828,Down
11/9/2012,-0.04728931962414541,-0.0425568772375562,-0.005295408124669019,-0.07996004935080192,-1.1499999999999773,2.46666666666664,-0.07444444444444898,-22.77777777777783,Down
11/16/2012,-0.025875741492350817,-0.03790894928163403,-0.006101489369765399,-0.09090909090909091,-1.3700000000000188,0.21666666666664014,-0.05666666666666487,-32.22222222222217,Down
11/23/2012,-0.002034817996834484,-0.026253397328398764,-0.004059180576631287,-0.09653994019649725,-0.5122222222222348,-0.6333333333333258,-0.029999999999997584,-38.22222222222217,Down
11/30/2012,0.009245011729687332,-0.027901225026084806,-0.004291682491454678,-0.11195338929958656,-0.36444444444441615,-0.6944444444444571,-0.03333333333333499,-47.22222222222217,Down
12/7/2012,-0.019698064417994366,-0.005909888823873624,-0.003953921605900357,-0.13176743885913403,-0.4388888888888971,-2.6888888888888687,-0.03000000000000469,-51.66666666666674,Down
12/14/2012,-0.004095537012937169,0.010249160629086328,-0.002892483349191212,-0.10669233833488254,-0.5700000000000074,-1.883333333333269,-0.03111111111110887,-48.33333333333326,Rise
12/21/2012,0.019874998402331277,0.02556287484023185,-0.002551700498914487,-0.05982905982905983,-0.1544444444444366,-0.42222222222221717,-0.019999999999999574,-35.55555555555566,Rise
12/28/2012,0.03849233076209482,0.04406839414771705,-0.0011433798307797201,0.011859875231370366,0.5022222222222155,1.1222222222222058,-0.02111111111111086,-17.22222222222217,Rise
1/4/2013,0.053663505797721306,0.066001087716572,-0.001144164759725092,0.02074688796680493,0.9144444444444417,2.372222222222206,-0.02000000000000668,-14.111111111111086,Rise
1/11/2013,0.04910108019884653,0.06923858646674216,-9.921013469684002E-4,0.02785515320334255,0.8322222222222138,3.71666666666664,-0.014444444444436044,-11.111111111111086,Rise
1/18/2013,0.059789037854889475,0.03534528602902059,-0.0017176228100309417,0.11410788381742733,0.9877777777778078,2.7722222222222968,-0.008888888888890278,11.111111111111086,Rise
1/25/2013,0.053472018751831156,0.027888671286532028,5.344735435596773E-4,0.12998976458546577,0.8444444444444343,2.511111111111063,-0.005555555555556424,21.666666666666515,Rise
2/1/2013,0.06274306142660438,0.024135036836706272,0.014596592857959246,0.16766467065868262,0.9844444444444491,2.838888888888846,0.050000000000007816,41.66666666666674,Rise
2/8/2013,0.028301323752342487,0.030874342166004997,0.014301471986611436,0.1333548595414917,1.0877777777777737,3.0,0.057777777777769046,50.55555555555566,Rise
2/15/2013,0.018703506907545374,0.008835444430187061,0.012299282541851706,0.16977611940298504,1.0144444444444218,2.2111111111111654,0.057777777777779704,66.11111111111109,Rise
2/22/2013,-0.015504422284083321,-0.036149873640259414,0.011174665707034287,0.12635379061371838,0.4966666666666839,0.29444444444442297,0.06222222222222484,60.0,Down
3/1/2013,-0.04126872246696009,-0.04485614086627628,0.01031863023018487,0.09266862170087982,-0.013333333333349628,-0.794444444444423,0.06444444444444031,47.7777777777776,Down
3/8/2013,-0.02653774217454191,-0.041028577762178386,0.008333961837242847,0.06124785346307958,-0.12666666666666515,-1.8333333333333712,0.06777777777777416,46.66666666666674,Down
3/15/2013,-0.010529411764705836,-0.0848715402057605,0.007184772795666607,-0.06053748231966055,-0.01222222222220637,-4.2777777777777715,0.07333333333333769,22.77777777777783,Down
3/22/2013,-0.005612214820491631,-0.06001173731139854,0.007276273347835809,-0.11379114642451761,-0.20555555555556282,-2.999999999999943,0.08666666666666956,-6.111111111111086,Down
3/29/2013,-0.00784174576421536,-0.058019301470588355,0.006357516828721055,-0.18559077809798272,-0.29722222222221717,-3.327777777777783,0.08666666666666245,-30.0,Down
4/5/2013,-0.0072643546861334085,-0.09601544672634728,0.005751848808545667,-0.24264049955396963,-0.5633333333333326,-5.28333333333336,0.03777777777778013,-59.44444444444457,Down
4/12/2013,-0.017183528215556562,-0.07738261181249756,0.0073474563628226925,-0.22280270436385988,-0.49222222222222456,-5.861111111111143,0.04222222222222172,-60.55555555555543,Down
4/19/2013,-0.043513962264151,-0.1352503535488101,0.0023474178403755964,-0.1650671785028791,-0.8722222222222058,-7.927777777777806,0.028888888888889852,-71.11111111111109,Rise
4/26/2013,0.01087566953906705,-0.07485949480809795,-0.0011917175629376508,-0.12458361092604933,-0.014444444444436044,-5.155555555555566,0.015555555555557987,-68.88888888888891,Rise
5/3/2013,0.03309421616592104,-0.050738654479753564,-0.007227210073389768,-0.08357048656902898,0.5477777777777817,-4.544444444444366,-0.010000000000001563,-67.0,Rise
5/10/2013,0.0326696654181824,0.011590400825735292,-0.007155635062611734,-0.03957459123137031,0.45444444444443377,-3.0055555555555316,-0.012222222222224133,-65.0,Rise
5/17/2013,0.029294234651643127,-0.03699999999999998,0.005026809651474483,-0.010180575165341425,0.2855555555555611,-2.800000000000068,0.026666666666667282,-40.55555555555566,Rise
5/24/2013,0.008719978572066241,-0.018905713531120766,0.004465780953444218,0.008938039690955898,0.04888888888888232,-3.1333333333332973,0.01666666666666572,-28.333333333333258,Rise
5/31/2013,-0.013185660296379312,-0.035427090779127916,0.006211180124223503,0.009769500839566443,-0.1372222222222348,-3.711111111111137,0.017777777777780557,-11.111111111111086,Down
6/7/2013,0.02630266470336782,-0.04390100841473591,0.0024172554853105458,-0.012721870952997706,0.36999999999999034,-2.450000000000017,0.0033333333333303017,2.7777777777778283,Down
6/14/2013,0.03767026441061418,-0.053053487416068995,0.006506301818046689,-0.027545274691827694,0.7288888888888891,-3.00555555555556,0.007777777777775441,1.666666666666515,Down
6/21/2013,-0.013050704621002765,-0.07161371716940024,0.005498792494891233,-0.05604042259990808,0.6311111111111103,-1.0611111111110745,0.02000000000000668,-8.888888888888914,Down
6/28/2013,0.012961581499440596,-0.06999443568580169,0.009236590251502358,-0.11833307417197945,0.39555555555556055,-2.5722222222222513,0.04777777777777459,-22.22222222222217,Down
7/5/2013,0.07330768430903604,-0.054064192436639825,0.005441421432537383,-0.2872727272727273,0.8455555555555634,-2.661111111111097,0.06333333333333613,-54.111111111111086,Down
7/12/2013,0.08922370465137534,-0.04898680940546751,3.3255736614559397E-4,-0.334749362786746,1.1011111111111092,-4.4722222222222,0.05333333333333101,-67.22222222222217,Down
7/19/2013,0.09575534947660193,-0.02467764524073972,-0.004139256412151612,-0.3095558546433378,1.336666666666673,-2.411111111111154,-0.005555555555556424,-69.44444444444457,Down
7/26/2013,0.049308478653036544,-0.007735669489250506,-0.003955199053709294,-0.225531914893617,1.1722222222222314,-2.416666666666657,-0.005555555555556424,-63.33333333333326,Rise
8/2/2013,0.05418460224098828,-0.008780343835313157,3.696447713747667E-5,-0.10935180603661558,1.663333333333327,-1.7777777777777715,0.0,-52.22222222222217,Rise
8/9/2013,0.03337197837322421,0.007164031620553501,-0.003030863056736397,0.005638134290107614,1.1044444444444537,-0.9944444444444684,0.0022222222222261223,-38.888888888888914,Rise
8/16/2013,0.03710296609260705,0.054315457879063854,-0.0017377158280032588,0.07448494453248804,1.0677777777777777,0.8500000000000227,-0.008888888888886726,-32.22222222222217,Rise
8/23/2013,0.013234314005522238,0.055305843267539595,5.91562835064743E-4,0.20385232744783316,1.4144444444444275,1.6833333333333371,0.0,-13.333333333333485,Rise
8/30/2013,0.013059935589108637,0.05365959918675559,-2.9601124842736824E-4,0.2009646302250803,1.2322222222222337,2.1111111111111427,-0.023333333333340533,-1.666666666666515,Down
9/6/2013,0.03227245841418736,0.05938151244400778,-0.0029630727063965226,0.16371220020855046,0.8122222222222177,2.3944444444444457,-0.029999999999997584,28.888888888888914,Down
9/13/2013,0.008240762788193592,0.01983608504572988,-0.005598605910051699,0.1204819277108433,0.25111111111111484,1.9333333333333087,-0.031111111111105316,41.111111111111086,Rise
9/20/2013,-0.021318373071528632,0.03279035826938452,-0.00686430930206672,0.1770883054892601,-0.37555555555557874,2.150000000000034,-0.02222222222222925,57.22222222222217,Rise
9/27/2013,-0.03631651261553833,0.004399410291811858,-0.008803209271227944,0.14194431766316756,-0.20333333333331893,1.3944444444444173,-0.032222222222223706,53.33333333333326,Rise
10/4/2013,-0.02408053298803279,-0.027395663324784308,-0.009377093101138686,0.2394976180164573,-0.34444444444444855,0.8722222222222058,-0.05333333333333101,65.55555555555566,Rise
10/11/2013,-0.03721413067413251,-0.015229958442643654,-0.009728279100972681,0.2459826946847961,-0.4388888888888971,1.016666666666623,-0.05000000000000426,65.55555555555543,Rise
10/18/2013,-0.041952651475153487,-0.010989010989010822,-0.010047060581160845,0.19195900670082783,-0.7388888888888943,-0.1666666666666572,-0.06111111111110645,61.111111111111086,Rise
10/25/2013,-0.061590921199850775,-0.0151599832331983,-0.007749326145552575,0.1945392491467577,-0.9522222222222183,-0.5611111111110745,-0.068888888888889,55.55555555555566,Rise
11/1/2013,-0.07987810808182311,-0.04430943891912177,-0.005327130852340929,0.1389904901243599,-1.448888888888888,-1.7222222222222285,-0.06222222222222129,53.888888888888914,Down
11/8/2013,-0.06386066763425254,-0.024916668636675368,-0.0030436252959080102,0.08840169731258841,-1.769999999999996,-1.838888888888846,-0.04777777777777814,52.22222222222217,Down
11/15/2013,-0.05647350604953574,-0.011265801769323921,0.0023688663282573214,-0.015188125647221202,-1.596666666666664,-0.7666666666666799,-0.020000000000003126,38.33333333333326,Down
11/22/2013,-0.03583047171516353,-0.01031149301825996,0.0019187358916480355,-0.13193248363761628,-1.0922222222222189,-1.4888888888889085,-0.016666666666669272,3.333333333333485,Down
11/29/2013,-0.0464502416783792,-0.007237173188909267,0.0042511568413527885,-0.12134754211069095,-1.12777777777778,-0.9222222222222456,0.0011111111111183902,3.3333333333332575,Rise
12/6/2013,0.011404699979285084,-0.004171761490325715,0.004249717939075024,3.430531732419149E-4,-0.687777777777768,-0.11111111111111427,0.009999999999994458,3.3333333333332575,Rise
12/13/2013,0.0068093385214005086,0.009119708169338471,0.002781745733403578,-0.07058414464534078,-0.6022222222222098,-0.22777777777773167,0.013333333333335418,-21.666666666666515,Down
12/20/2013,0.036947670034685444,-0.002551634490395323,0.0071702079735715095,-0.0720338983050847,-0.16555555555557078,-0.700000000000017,0.0400000000000027,-24.44444444444457,Down
12/27/2013,0.04439560439560415,-0.003934537028096983,0.012398861252622259,-0.04509111863430101,0.27444444444445537,-0.6333333333333258,0.06444444444444031,-30.7777777777776,Rise
1/3/2014,-0.02108004861955208,-0.019825650189563247,0.029309766193086527,-0.02413616022302112,-0.07222222222223706,-0.09444444444443434,0.1344444444444477,-28.0,Rise
1/10/2014,-0.031892061208626726,-0.04026780516204143,0.012010560368869197,-0.0024614007607966495,-0.20888888888889312,-1.0388888888889198,0.08444444444444343,-24.888888888888914,Rise
1/17/2014,-0.015269565217391208,-0.03591820799375335,0.00820037105751401,0.013361357153580578,0.058888888888887436,-1.3444444444444343,0.06333333333333258,-9.44444444444457,Rise
1/24/2014,0.006317250954529703,-0.05370365814657194,0.01010213143872106,0.01176295413936874,0.20000000000000284,-1.8499999999999943,0.08222222222222442,12.222222222222172,Rise
1/31/2014,0.009596465186923909,-0.10133726229569595,0.010847907903475684,-0.006813805362168534,0.5300000000000011,-3.3583333333333485,0.08666666666666956,7.777777777777828,Down
2/7/2014,0.031699758980833125,-0.1441925802950003,0.0071018545775682574,-0.003143242029636333,0.24777777777778454,-4.955555555555549,0.08222222222222442,-15.55555555555543,Down
2/14/2014,0.03165714285714276,-0.08779108406416561,0.0030826819332819676,0.0032168773846039094,0.4111111111111114,-4.349999999999994,0.08111111111110603,0.5555555555554292,Rise
2/21/2014,0.04775140110265628,-0.08421010627685185,1.465094132298229E-4,-0.010989010989010938,0.3200000000000074,-4.327777777777783,0.058888888888887436,1.1111111111110858,Down
2/28/2014,0.049037095949554015,-0.07649641784146062,1.829022935946733E-4,-0.019761958230406416,0.25222222222221546,-4.50555555555556,0.038888888888891415,-2.0,Down
3/7/2014,0.03876143434184327,-0.027793518070623992,7.324934075582753E-5,-0.02228224172856178,0.9577777777777641,-3.3444444444444343,-0.03666666666666529,-3.3333333333332575,Down
3/14/2014,-0.0055087491898898645,-0.005751710819094067,-2.928900929925333E-4,-0.04248094770995253,0.6855555555555668,-2.49444444444444,0.011111111111105743,-8.444444444444343,Down
3/21/2014,-0.005433152228259091,-0.02237076015075032,0.0029624753127056058,-0.11608992557354407,0.565555555555548,-3.172222222222217,0.031111111111115974,-24.44444444444457,Down
3/28/2014,0.011015844253419725,-0.00586142834511862,0.005955860859397834,-0.15755525839691661,0.5588888888888874,-2.438888888888897,0.0288888888888863,-35.55555555555543,Down
4/4/2014,0.0017057146944570683,-0.02810766863149345,4.385003288751983E-4,-0.09156452775775054,0.40555555555555145,-1.5527777777777771,-0.002222222222219017,-25.555555555555657,Rise
4/11/2014,0.02311055590256076,-0.04715745349751128,-0.006034009873834347,-0.04901243599122165,0.4288888888889062,-0.4777777777777601,-0.02333333333333698,-20.0,Rise
4/18/2014,0.005566248195616775,-0.041295166588456125,-0.004829857299670745,-0.03409559976884341,0.2077777777777925,-1.4277777777778056,-0.01666666666666572,-21.111111111111086,Rise
4/25/2014,-0.008150387800710025,-0.08712301116124443,-0.002049330308131419,-0.05406541663163198,-0.17777777777779136,-2.2666666666666515,-0.004444444444445139,-24.44444444444457,Down
5/2/2014,-0.013373479412314168,-0.06258984187829422,-0.003514938488576531,-0.0395378690629011,-0.3144444444444474,-1.6444444444444457,-0.015555555555554434,-23.111111111111086,Down
5/9/2014,-0.008276211677062571,-0.08543831317224782,-0.005495713343592037,-0.02412471694826689,-0.2877777777777766,-3.183333333333337,-0.019999999999999574,-22.55555555555543,Down
5/16/2014,0.008379550820932415,-0.05006350878280002,-0.003665689149560221,-0.009896615710877361,0.34777777777776464,-3.0,-0.015555555555554434,-18.333333333333485,Rise
5/23/2014,0.025900113606571667,-0.03047404063205405,-0.0032659351950385215,-0.017484689802076882,0.5433333333333366,-2.127777777777794,-0.03222222222223081,-5.555555555555429,Down
5/30/2014,0.00863084846368721,-0.030430220356768078,-0.003234699503767725,-0.02096046696736529,0.1155555555555452,-2.48333333333332,-0.05111111111110489,4.444444444444343,Rise
6/6/2014,0.006470588235294084,-0.034576009271778875,-0.003643590592911776,-0.003451938396176254,0.16888888888890108,-2.150000000000034,-0.037777777777773025,-1.0,Rise
6/13/2014,0.04453032556422805,-0.014839589557085022,-0.0043822500460321346,0.042624690484612746,0.352222222222224,-1.4777777777777885,-0.017777777777780557,1.1111111111110858,Rise
6/20/2014,0.038495188101487395,0.019976498237367666,-0.0034269290294052087,0.08436593725283423,0.5177777777777663,-0.8888888888888289,-0.01888888888889184,7.888888888888914,Rise
6/27/2014,0.022224131819500028,0.0443296960249416,-0.003688811833708232,0.09358196010407635,0.5711111111111222,0.8666666666666458,-0.032222222222223706,16.77777777777783,Rise
7/4/2014,-0.005275576648350216,0.018895490406155565,-0.00550282527606459,0.13303298197891875,0.3916666666666657,0.05000000000001137,-0.035555555555550455,26.0,Rise
7/11/2014,-0.029791465090047976,-0.01979041624760729,-0.0034371881583323558,0.12649700598802396,0.09333333333333371,0.1222222222222058,-0.022222222222225696,28.888888888888914,Rise
7/18/2014,-0.008836610799352938,-0.008048812151109887,-1.8490440442306047E-4,0.13466839630290264,0.12333333333333485,-0.0611111111111029,-0.01777777777777345,34.44444444444434,Rise
7/25/2014,-0.016458196181698574,-0.010664239035016258,3.700140605355413E-5,0.1489512137638464,-0.2511111111111006,-0.30555555555557135,-0.016666666666672825,43.888888888888914,Rise
8/1/2014,-0.05211679067740537,-0.004972214097689185,1.110494169904598E-4,0.0963036505269589,-0.536666666666676,0.07777777777775441,-0.012222222222217027,40.55555555555566,Down
8/8/2014,-0.04921863589893377,-0.015027100710785113,0.0012216792536649918,0.05049224343675414,-0.556666666666672,0.22222222222225696,-0.0033333333333338544,34.888888888888914,Down
8/15/2014,-0.042233967544286447,-0.028347582978446674,8.884940026653841E-4,-0.012510118478180898,-1.0622222222222177,-0.27777777777777146,0.0,20.111111111111086,Down
8/22/2014,-0.06516711863842815,-0.020410162628175695,6.293965198074586E-4,-0.09317730183263419,-1.4644444444444389,-0.7722222222222399,-0.0022222222222225696,-0.2222222222221717,Down
8/29/2014,-0.03160373391640745,-0.02958638432614281,-6.294431279620654E-4,-0.09700996677740864,-1.086666666666673,-1.688888888888897,-0.0022222222222261223,-4.6666666666667425,Down
9/5/2014,-0.04787770885544834,-0.03323353293413164,-0.0014807685188612837,-0.04624277456647394,-1.1105555555555497,-1.4333333333333371,0.005555555555556424,-5.6666666666667425,Rise
9/12/2014,-0.049056992682675514,-0.07930478047468566,2.590673575128755E-4,0.0067412400918586395,-0.9511111111111177,-1.7444444444444116,0.007777777777782546,0.5555555555556566,Rise
9/19/2014,-0.03577763607906805,-0.06440643384228223,0.0044390189768059906,0.02788490062296058,-1.1911111111110984,-1.8833333333333826,0.014444444444446702,-1.6666666666667425,Rise
9/26/2014,-0.014215456674472968,-0.09238210399032648,0.0065789473684211355,0.031431984470658536,-0.950000000000017,-2.5666666666666345,0.025555555555548892,-10.0,Down
10/3/2014,-0.045161137776937185,-0.10031712473572937,0.011586715867158714,-0.015020001509547874,-0.9044444444444366,-3.1388888888888857,0.048888888888889426,-16.111111111111086,Down
10/10/2014,-0.07391820438113746,-0.07317335628968029,0.010352958514479255,-0.04006422509366156,-1.3144444444444474,-2.7833333333333314,0.04666666666667041,-18.888888888888914,Down
10/17/2014,-0.09113652172851851,-0.020830309188561526,0.007284768211920491,-0.09531941318015984,-1.6222222222222342,-1.794444444444423,0.04222222222222172,-21.77777777777783,Down
10/24/2014,-0.09630758933551474,0.04847357478936402,0.005254069147958877,-0.21841541755888652,-1.4044444444444366,-0.7722222222222115,0.04111111111111043,-30.444444444444343,Down
10/31/2014,-0.08404412600932545,0.05425563030125765,0.0037420206911732323,-0.23840520748576083,-1.7133333333333383,-0.3611111111111427,0.04555555555555202,-35.44444444444434,Down
11/7/2014,-0.0886794639063766,0.0013631507202595096,0.007430725868443317,-0.20654911838790926,-1.6266666666666652,-1.1611111111111256,0.06777777777777416,-42.2222222222224,Rise
11/14/2014,-0.10246225074972375,0.026907807675341837,0.009201445941505132,-0.1533101045296168,-1.8277777777777828,0.3388888888889028,0.07555555555556026,-47.7777777777776,Rise
11/21/2014,-0.07494827910475815,0.014000661448572423,0.011873110682157666,-0.1253405994550408,-1.7666666666666657,0.05000000000001137,0.07777777777777573,-52.2222222222224,Down
11/28/2014,-0.1696536911253992,-0.003147877013177043,0.01282284136728532,-0.10984308131241079,-3.0433333333333223,0.5944444444444343,0.0800000000000054,-55.0,Down
12/5/2014,-0.1450460979093626,-0.028675532883949795,0.01583448075947525,-0.10178748758689178,-2.6555555555555372,0.6944444444444571,0.07666666666666444,-49.44444444444434,Down
12/12/2014,-0.2177031334576291,-0.057929828396546125,0.017088767657791118,-0.09486780715396585,-3.1122222222222433,0.011111111111119953,0.08999999999999986,-47.22222222222217,Down
12/19/2014,-0.19593094173208625,-0.02747072343219896,0.016813681368136796,-0.054662379421221936,-2.8466666666666782,-0.19999999999998863,0.10666666666666558,-35.0,Rise
12/26/2014,-0.19669591310871198,-0.0253700567052066,0.02325498065070956,-0.042864894194248535,-2.9199999999999875,-1.4055555555555657,0.147777777777776,-12.777777777777828,Rise
1/2/2015,-0.18984162779970287,0.013854417484719425,0.018686256329790867,-0.08161247803163443,-3.0944444444444343,-0.9055555555555657,0.1488888888888944,-12.333333333333371,Down
1/9/2015,-0.21584029979821273,-0.032124776652769554,0.021290185224611492,-0.11622438696674509,-3.3655555555555665,-0.7277777777777885,0.15555555555555145,-19.22222222222217,Down
1/16/2015,-0.1699153264761039,-0.05181113035620153,0.011346765641569539,-0.191398098771157,-3.014444444444443,-1.6999999999999886,0.11999999999999744,-33.888888888888914,Down
1/23/2015,-0.17440994788627537,-0.037864963503649623,0.0010226751772049701,-0.23691860465116282,-3.4355555555555526,-1.4111111111111256,0.07444444444444542,-41.111111111111086,Down
1/30/2015,-0.09376304583785598,-0.04322954658885845,-0.004894538540089305,-0.22492401215805474,-1.9899999999999949,-1.4277777777778056,0.0466666666666633,-40.0,Down
2/6/2015,6.022411975995952E-4,-0.015006558135946205,-0.0015471711382255807,-0.22424081686778943,-1.57222222222223,-0.6944444444444287,0.04444444444444784,-39.44444444444446,Down
2/13/2015,0.03287671232876712,-0.013946300946493942,-0.002775338134551188,-0.16724209363347603,-0.5588888888888874,-0.2055555555555486,0.028888888888889852,-33.33333333333337,Rise
2/20/2015,0.008179372988226933,-0.004772436270515485,-0.0013689974726200402,-0.11828266820342884,-0.7022222222222183,-0.6222222222222342,0.025555555555555998,-33.33333333333337,Rise
2/27/2015,-0.0017164129199082152,0.0031133250311331396,-0.002072211295307546,-0.06630581867388363,-0.5522222222222268,-0.4277777777777487,-0.017777777777780557,-32.22222222222217,Rise
3/6/2015,0.0021547370547436943,0.0038040707478722824,-0.0037262277217282587,0.018288902665840014,-0.3422222222222189,-1.0944444444444343,-0.027777777777771462,-22.111111111111086,Rise
3/13/2015,-0.08698898214972518,-0.0019661816751867425,0.0016542888317905371,0.19066147859922175,-0.3911111111111083,-0.3833333333333542,-0.0400000000000027,-3.0,Rise
3/20/2015,-0.04719361658596464,-0.008177707882838479,0.0019723171204169745,0.21286370597243492,-0.23555555555556396,0.027777777777771462,-0.019999999999999574,11.666666666666629,Rise
3/27/2015,-0.00753661123270982,0.0016106222501572098,-0.00391120507399582,0.16865671641791044,0.36444444444444457,0.11666666666667425,-0.01444444444444315,18.888888888888914,Down
4/3/2015,0.01597088850702515,-0.01582098341348507,-0.005356639413588884,0.13642960812772134,0.2238888888888937,0.09166666666666856,-0.004444444444448692,21.111111111111086,Rise
4/10/2015,0.044087748660518754,-0.028829290401402898,-0.008926681250441083,0.2430939226519337,-0.005555555555559977,-0.5500000000000114,-0.037777777777773025,38.888888888888914,Rise
4/17/2015,0.11953938338968317,-0.0063747064279933725,-0.006074518806286578,0.25540275049115907,0.32888888888888346,-0.21666666666666856,-0.029999999999997584,43.888888888888914,Rise
4/24/2015,0.1318450383443177,0.004247584803524553,-0.009410932248363814,0.2097075295581829,0.704444444444448,-0.1444444444444457,-0.055555555555557135,44.44444444444446,Rise
5/1/2015,0.1477389101493018,0.03420943667803684,-0.017171645497764808,0.17229129662522197,1.0433333333333437,0.2777777777777999,-0.08777777777778084,45.55555555555554,Rise
5/8/2015,0.12859872678709053,0.05946666144169907,-0.014974745678309693,0.14091680814940583,1.086666666666659,0.8888888888888857,-0.08000000000000185,43.33333333333326,Rise
5/15/2015,0.09981472192934865,0.057753241451703734,-0.013131132917038357,0.10274725274725277,1.6499999999999986,1.1277777777777942,-0.09888888888888658,29.444444444444457,Down
5/22/2015,0.07152041945355402,0.05092779929475673,-0.013177683878822713,0.07073954983922821,1.4611111111111157,1.26111111111112,-0.10999999999999588,25.555555555555657,Down
5/29/2015,0.057822565711890976,0.1019153015318616,-0.007215162610381313,0.060479666319082276,1.269999999999996,2.1777777777777487,-0.07555555555555671,28.888888888888914,Rise
6/5/2015,0.019658561821003756,0.07850683805395686,0.002228612508986229,0.05668016194331979,0.9861111111111072,2.341666666666697,-0.04222222222222172,32.22222222222217,Rise
6/12/2015,0.017747015446127338,0.05175899716942985,0.009956507674059227,0.0949554896142434,0.9244444444444397,2.44999999999996,0.0011111111111041794,25.55555555555543,Rise
6/19/2015,0.004474817449915667,0.02620975060805175,0.009563529157977998,0.19885002395783433,0.4300000000000139,1.9111111111111256,-0.007777777777775441,36.111111111111086,Rise
6/26/2015,1.677289500167395E-4,0.002767494518923189,0.0046391196461323045,0.1860788863109049,0.275555555555556,1.5333333333333314,-0.007777777777778994,37.77777777777783,Rise
7/3/2015,-0.0523785875584459,-0.0371777865414264,0.005998347760497243,0.1447902571041948,-0.32944444444443377,0.38888888888891415,0.03777777777777658,34.44444444444457,Down
7/10/2015,-0.0992570664085848,-0.06019934511172704,0.0067424595631748315,0.09475539885412067,-0.7388888888889156,-0.5666666666666629,0.046666666666666856,28.888888888888914,Down
7/17/2015,-0.11609236440130072,-0.06366661843437976,0.007373733758098702,-0.023529411764705882,-0.9777777777777672,-0.8166666666667197,0.05999999999999872,14.444444444444343,Down
7/24/2015,-0.14474372513990746,-0.06605010195164565,0.009030553969160637,-0.09625065092865819,-1.2866666666666617,-1.0,0.08777777777777729,5.222222222222172,Down
7/31/2015,-0.14050323770533332,-0.06801287029845762,0.010001423690205095,-0.15983248996684704,-1.464444444444453,-2.3611111111111143,0.08888888888889213,-6.666666666666515,Down